Name     ,IBAN     ,Month    ,Monthly Payment    
davit   ,TB9914   ,1   ,115.81   
davit   ,TB9914   ,2   ,115.81   
davit   ,TB9914   ,3   ,115.81   
davit   ,TB9914   ,4   ,115.81   
dachi    ,TB3792   ,1   ,115.16250000000001   
dachi    ,TB3792   ,2   ,115.16250000000001   
dachi    ,TB3792   ,3   ,115.16250000000001   
